solicitation_id,contract_award_number,document_name,is_fitara,contains_statement_of_work
RFP-NIH-NIAID-DAIDS-04-42,,04-42RFP.pdf,No,Yes
RFQ-RML-E-1782798,,1_-_Brand_name_JOFOC_1782798.pdf,No,No
RFQ-RML-E-1808077,,1_-_Brand_Name_JOFOC_for_FBO.docx,No,No
RFQ-RML-E-1859799,,1_-_Brand_Name_Only.docx,Yes,No
RFQ1107212,,1_-_JOFOC_-_FSSI_Limited_Source.doc,Yes,No
RFQ-RML-E-1831089,,1_-_JOFOC_for_posting.docx,No,Yes
RFQ-RML-E-1782798,,1_-_RFQ-RML-E-1782798.docx,No,No
RFQ-RML-E-1845253,,1_-_Terms_&_Conditions.docx,No,No
NOI-RML-E-1808230,,1_-_Terms_&_Conditions_for_posting.docx,No,No
NOI-RML-E-1825645,,1_-_Terms_&_Conditions_for_Posting_NOI-RML-E-1825645.docx,No,No
RFQ-RML-E-1782798,,1_-_Terms_3&_Conditions_attached_to_posting.docx,No,No
NIAIDNOI11014,,1_0_DIR_FREEZER_REPOSITORY_SOW_2011-03-17_(2).docx,No,Yes
RFQ-RML-E-1803158 ,,1-_BRAND_NAME_JOFOC_-_for_posting.docx,No,No
RFQ-RML-E-1793582-1,,1-_JOFOC_posting4.docx,No,No
RFQ-RML-E-1793582,,1-_JOFOC_posting5.docx,No,No
RFP-NIH-NIAID-DMID-08-04,,1_RFP08-04withcoverpageandattachments.pdf,Yes,Yes
RFQ-RML-E-1817376,,1_-SOW.pdf,Yes,Yes
Requisition2743125,,1200041I_Limited_Source_Justification.pdf,Yes,No
Requisition2743016,,1200120U_Limited_Source_Justification.pdf,No,No
,,1-2017_Qualstar_SOW.pdf,Yes,Yes
RFP-NIH-NIAID-DMID-03-10,,13_148.doc,No,Yes
NIH-NIAID-DMID-04-40,,13_262.doc,Yes,Yes
,,1691287__Statement_of_Work.pdf,Yes,Yes
,,1691287_Statement_of_Work_1n091_(2).pdf,Yes,Yes
RFQ-RML-D-15012 ,,1725884_Scala_Statement_of_Work.pdf,Yes,Yes
,,1737297_JOFOC.pdf,No,No
,,1737578_JOFOC.pdf,No,No
,,1737926_FAR_52.212-505272015_0000.pdf,No,No
,,1737926_JOFOC.pdf,No,No
,,1738211_JOFOC.pdf,No,No
,,1739952_FAR_52-212-5.pdf,No,No
RFQ-RML-D-1769743 ,,1769743__SOW_BOM.pdf,Yes,Yes
RFQ-RML-D-1781590,,1781590_Statement_of_Work.pdf,Yes,Yes
RFQ-RML-D-1781777,,1781777_Brand_Name.pdf,Yes,No
RFQ-RML-D-1781777,,1781777_Statement_of_Work.pdf,Yes,Yes
RFQ-RML-D-1787709,,1787709_52.212-5.docx,No,No
NIAID-RFQ16-1789760,,1789760_Answer_and_Questions.pdf,No,No
NIAID-NOI16-1792936,HHSN272201600211U,1792936_LSJ.pdf,No,No
NIAID-RFQ16-1796731 ,,1796731_medium.pdf,No,No
NIAID-RFQ16-1797124,,1797124_Bill_of_Materials.pdf,No,No
NOI-RML-D-1797185,,1797185_DNAStar_Lasergene_Software.docx,Yes,No
NIAID-NOI16-1799721,,1799721_LSJ.pdf,No,No
NOI-RML-D-1800660,,1800660_52.212-5.docx,No,No
NIAID-NOI16-1802291,,1802291_LSJ.pdf,No,No
RFQ-RML-D-1806021 ,,1806021_X-Clarity_Brand_Name_JOFOC_posting.docx,No,No
NIAID-NOI16-1809990,,1809990_J&A_2.pdf,No,No
NIAID-RFQ17-1809993,,1809993__Statement_of_Work.pdf,No,Yes
NIAID-RFQ17-1811472,,1811472_Bill_of_Materials.pdf,No,No
NIAID-RFQ17-1811472,,1811472_Statement_of_Work.pdf,No,Yes
NIAID-NOI17-18114731,HHSN272201700052P,1811473_LSJ.pdf,No,No
NIAID-NOI17-1816595,,1816595_J&A.pdf,No,No
NOI-RML-D-1818757,,1818757_52.212-5.docx,No,No
NIAID-RFQ17-20161019 ,,1819400__Statement_of_Work.pdf,No,Yes
NIAID-RFQ17-1835383,,1835383_Bill_of_Materials.pdf,No,No
RFQ-RML-D-1840224,,1840224_52.212-5_(Jan_2017)_150.docx,No,No
RFQ-RML-D-1840936,,1840936_52.212-5_(Jan_2017)_25.docx,No,No
NIAID-RFQ17-1841058,,1841058___Evaluation_Criteria.pdf,No,No
NIAID-RFQ17-1841058,,1841058___FAR_52_212_5.pdf,No,No
NIAID-RFQ17-1841058,,1841058___Statement_of_Work.pdf,No,Yes
NIAID-RFQ17-1850841,,1850841__Name_Brand.pdf,No,No
RFQ-RML-D-1851203,,1851203_52.212-5_(Jan_2017)_.docx,No,No
RFQ-RML-D-1854832,,1854832_52.212-5_(Jan_2017).docx,No,No
NOI-RML-D-1856982,,1856982_graphpad_software.docx,Yes,No
NOI-RML-D-1857778,,1857778_CLIN_Keyence.docx,No,No
NOI-RML-D-1865252,,1865252_SOW.docx,Yes,Yes
NOIA131641741,,1937_001.pdf,No,Yes
BAA-NIAID-DMID-NIH-AI-2015037,HHSN272201600028C ,1Amendment_1.pdf,No,No
RFQ-NIAID-B-1855748,,1D_SOW.pdf,No,Yes
RML-RFQ-1840434,,1-JOFOC_redacted.pdf,No,No
S11-042,,1S11-042_RFP_Document_-_12.17.10_-_FINAL.pdf,No,Yes
RFQ-RML-C-1851563,,1-SOW__AB_SCIEX.doc,No,Yes
RFQ-RML-D-1821567,,1SOW2.pdf,No,Yes
NIHA02017074,,1Statement_of_Work1.pdf,Yes,Yes
NIHAO2016048 ,,1Statement_of_Work2.pdf,No,Yes
RFQ-RML-E-1831089,,2_-_Terms_&_Conditions_for_Posting.docx,No,No
NOI-RML-E-1807838,HHSN272201601335P,2-_JOFOC_posting.doc,No,No
NIAID-DAIDS-NIHAI2014013 ,HHSN272201600011I,2014013__Amendment_3.pdf,No,No
NIAID-DAIDS-NIHAI2014013 ,HHSN272201600011I,2014013_Amendment2.pdf,No,No
NIAID-DAIDS-NIHAI2013186,,20140530_QVOA_Amendment_1_FINAL.pdf,No,No
NIAID-DAIDS-NIHAI2013184,,20140731_QVOA_NIHAI2013184_Amend_4_FINAL.pdf,No,No
NIAID-DAIDS-NIHAI2013184 ,,20140808_QVOA_Amendment_5_FINAL.pdf,No,No
NIAID-DAIDS-NIHAI2015050,,2015050__Amendment_2.pdf,Yes,No
NIAID-DAIDS-NIHAI2016075,,2016075__Amendment_1_Final.pdf,No,No
NIH-OLAO-OD5-2571892,,2571892.pdf,Yes,Yes
RFQ-RML-C-1856580,,2-Brandname_JOFOC_for_posting.docx,No,No
NIAID14C-JDB1708949,,2Statement_of_Work2.doc,No,Yes
RFP-NIAID-DMID-NIHAI2016059,HHSN272201700042I,344966_NIH_Signed_Final_NIAID_DEC.pdf,No,No
NOI-RML-D-1841032,,352.203-99_Prohibition_on_Contracting.pdf,No,No
RFQ-RML-D-1845118,,352.212-5_(Jan_2017)_with_352.222-70_(Dec_2015).pdf,No,No
RFQ-RML-C-1746253,,352.222-70_Contractor_Cooperation_in_Equal_Employment_Opportunity_Investigations_(DEC_2015)2.docx,No,No
NOI-RML-C-1857369,,352.222-70_Contrctr_Coop_in_EEO_Dec_2015.docx,No,No
NOI-RML-C-1800549,,352.222-70_HHSAR_all_orders.docx,No,No
RFP-NIAID-DMID-NIHAI2015039  ,,3ATTACHMENTS_updated_via_Amendment_1.pdf,No,Yes
NIAID-RFQ17-20161012,,3Bill_of_materials.pdf,No,No
NIHLM2012338-RLS,,3Internet_Monitoring_rfq.pdf,Yes,No
NIHLM2012338-RLS,,3Internet_Monitoring_SOW.pdf,Yes,Yes
NOI-RML-E-1837404,,4-_52.212-1_Instructions_to_Offerors_Apr_2014.docx,No,No
NOI-RML-E-1790343 ,,4-_52.212-4_Contract_Terms_&_Conditions_-_Commercial_Items_DEC_2014.docx,No,No
NOI-RML-E-1837404,,4-_52.212-4_Contract_Terms_&_Conditions_-_Commercial_Items_MAY_2014.docx,No,No
RFQ-RML-E-1837275,,4-_52.212-4_Contract_Terms_and_Conditions_--_Commercial_Items..docx,No,No
NOI-RML-E-1827297,,4-_52.212-5_(Dec_2016).docx,No,No
RFQ-RML-E-1817376,,4-_52.212-5_(JAN_17)(145).docx,No,No
NOI-RML-E-1837404,,4-_52.212-5_(JAN_17)(65).docx,No,No
RFQ-RML-E-1857951,,4-_52.212-5_(JAN_17).docx,No,No
NOI-RML-E-1807838,HHSN272201601335P,4-_52.212-5_(Jun_2016)(25).docx,No,No
RFQ-RML-E-1837275,,4-_52.212-5_(Jun_2016).docx,No,No
NOI-RML-E-1807842,,4-_52.212-5_(Jun_2016)2.docx,No,No
NOI-RML-E-1807998,,4-_52.212-5_(Jun_2016)3.docx,No,No
NOI-RML-E-1827783,,4_-52.212-5_(Nov_2016)(145).docx,No,No
RFQ-RML-E-1821614,,4_-52.212-5_(Nov_2016)(91).docx,No,No
NOI-RML-E-1827076,,4_-52.212-5_(Nov_2016).docx,No,No
NOI-RML-E-1778728,,4-_52.212-5_Contract_T&C_Comm_Items_JAN.docx,No,No
NOI-RML-E-1796506,,4-_52.212-5_Contract_T&C_Comm_Items_MAR_2016.docx,No,No
NOI-RML-E-1795586,,4-_52.212-5_Contract_T&C_Comm_Items_MAR_20162.docx,No,No
NOI-RML-E-1790343 ,,4-_52.212-5_Contract_T&C_Comm_Items_MAR_20163.docx,No,No
RFQ-RML-C-1851563,,4-FAR_52.212-5_Jan_2017(10).docx,No,No
RFQ-RML-C-1860587,,4-FAR_52.212-5_Jan_2017.docx,No,No
,,4-FAR_52.212-5_Jan_20179(2).docx,No,No
RML-RFQ-1840434,,4-FAR_52.232-19_Availability_of_Funds_clause.docx,No,No
RML-RFQ-1840434,,4-FAR_52_203-99_Prohibition_on_Contracting_all_solicts_and_orders(54).docx,No,No
RML-RFQ-C-1854707,,4-FAR_52_203-99_Prohibition_on_Contracting_all_solicts_and_orders.docx,No,No
RML-RFQ-C-1852019,,4-FAR_52_203-99_Prohibition_on_Contracting_all_solicts_and_orders2.docx,No,No
,,52.203-929.pdf,No,No
,,52.203-98.pdf,No,No
RFQ-RML-C-1746253,,52.203-98_Prohibition_on_C1ontracting.docx,No,No
,,52.203-98_Prohibition_on_Contracting(5).docx,No,No
RML-RFQ-1840434,,52.203-98_Prohibition_on_Contracting(50).docx,No,No
RML-RFQ-C-1854707,,52.203-98_Prohibition_on_Contracting.docx,No,No
RML-RFQ-C-1852019,,52.203-98_Prohibition_on_Contracting1.docx,No,No
,,52.203-98_Prohibition_on_Contracting11.docx,No,No
RFQ-RML-C-1786770,,52.203-98_Prohibition_on_Contracting2.docx,No,No
NOI-RML-E-1790343 ,,52.203-98_Prohibition_on_Contracting3.docx,No,No
,,52.203-981.pdf,No,No
,,52.203-99.pdf,No,No
RFQ-RML-C-1746253,,52.203-99_Prohibition_on_Contr3acting.docx,No,No
NOI-RML-C-1772931,,52.203-99_Prohibition_on_Contracti3ng.docx,No,No
,,52.203-99_Prohibition_on_Contracting1.docx,No,No
,,52.203-99_Prohibition_on_Contracting2.docx,No,No
RFQ-RML-C-1786770,,52.203-99_Prohibition_on_Contracting3.docx,No,No
,,52.203-991.pdf,No,No
NOI-RML-C-1772931,,52.204-18.docx,No,No
RFQ-RML-C-1746253,,52.204-9_Personal_Identity_Verification_Jan_2011.docx,No,No
RFQ-RML-E-1785660A ,,52.212-1_Instructions_to_Offerors_Apr_2014.docx,No,No
RFQ-RML-E-1785660 ,,52.212-1_Instructions_to_Offerors_Apr_20142.docx,No,No
RFQ-RML-C-1786770,,52.212-1_Instructions_to_Offerors_Apr_20144.docx,No,No
NOI-RML-C-1772931,,52.212-1_Instructions_to_Offerors_Apr_32014.docx,No,No
RML-RFQ-1840434,,52.212-1_Instructions_to_Offerors_JAN_2017(53).docx,No,No
NOI-E-1836702,,52.212-1_Instructions_to_Offerors_Oct_2015.docx,No,No
RFQ-RML-C-1770442,,52.212-2__Evaluation_Commercial_Items._Oct_2014.docx,No,No
,,52.212-3.pdf,No,No
RML-RFQ-1840434,,52.212-3_Reps_&_Certs_JAN_2017.docx,No,No
,,52.212-31.pdf,No,No
,,52.212-4.pdf,No,No
RFQ-RML-C-1844734,,52.212-4_Contract_T&C_JAN_2017(100).docx,No,No
NOI-RML-C-1837189,,52.212-4_Contract_T&C_JAN_2017(650).docx,No,No
RFQ-RML-C-1851983,,52.212-4_Contract_T&C_JAN_2017.docx,No,No
RFQ-RML-E-1785660A ,,52.212-4_Contract_T&C_May_2015.docx,No,No
RFQ-RML-E-1785660 ,,52.212-4_Contract_T&C_May_20152.docx,No,No
,,52.212-4_Contract_Terms_&_Conditions_-_Commercial_Items_MAY_20114.docx,No,No
NOI-RML-C-1772931,,52.212-4_Contract_Terms_&_Conditions_-_Commercial_Items_MAY_20134.docx,No,No
NOI-E-1836702,,52.212-4_Contract_Terms_&_Conditions_-_Commercial_Items_MAY_2014.docx,No,No
RFQ-RML-C-1746253,,52.212-4_Contract_Terms_&_Conditions_-_Commercial_Items_MAY_20149.docx,No,No
NOI-E-1837275,,52.212-4_Contract_Terms_and_Conditions_--_Commercial_Items(21)..docx,No,No
RML-RFQ-1840434,,52.212-4_Contract_Terms_and_Conditions_--_Commercial_Items(51).docx,No,No
NOI-RML-E-1859940,,52.212-4_Contract_Terms_and_Conditions_--_Commercial_Items..docx,No,No
,,52.212-41.pdf,No,No
,,52.212-5.pdf,No,No
NOI-RML-E-1830665,,52.212-5_(Dec_2016).docx,No,No
NOI-RML-D-1826281,,52.212-5_(Dec_2016)_25.docx,No,No
RFQ-RML-C-1770442,,52.212-5_(Feb_2016)_over_25k.docx,No,No
NOI-RML-C-1835852,,52.212-5_(Jan_2017)(150).docx,No,No
NOI-RML-D-1840032,,52.212-5_(Jan_2017)(45).docx,No,No
NOI-E-1837275,,52.212-5_(Jan_2017)(57).docx,No,No
NOI-RML-C-1837189,,52.212-5_(Jan_2017)(577).docx,No,No
NOI-E-1836702,,52.212-5_(Jan_2017)(60).docx,No,No
RFQ-RML-C-1844734,,52.212-5_(Jan_2017)(91).docx,No,No
NOI-RML-C-1835928,,52.212-5_(Jan_2017)(99).docx,No,No
NOI-RML-D-1856982,,52.212-5_(Jan_2017).docx,No,No
RML-RFQ-C-1854707,,52.212-5_(Jan_2017)10.docx,No,No
NOI-RML-D-1850749,,52.212-5_(Jan_2017)15.docx,No,No
NIAID-RFQ-17-1838905,,52.212-5_(January_1_2017).docx,No,No
RFQ-RML-C-1840310,,52.212-5_(Jun_2016).docx,No,No
RFQ-RML-E-1785660 ,,52.212-5_(Mar_2016)2.docx,No,No
NOI-RML-D-1826813,,52.212-5_(Nov_2016)_25.docx,No,No
NOI-RML-D-1823804,,52.212-5_(Nov_2016)_25300.docx,No,No
,,52.212-5_1743251.docx,No,No
,,52.212-5_1743603.docx,No,No
NOI-RML-D-1796330,,52.212-5_1796330_SAI.docx,No,No
NOI-RML-C-1800549,,52.212-5_Contract_T&C_Comm_Items_(March_2016).docx,No,No
NOI-RML-C-1776160,,52.212-5_Contract_T&C_Comm_Items_JAN.docx,No,No
RFQ-RML-D-1806021 ,,52.212-5_Contract_T&C_Comm_Items_JUN_2016.docx,No,No
NOI-RML-C-1794659 ,,52.212-5_Contract_T&C_Comm_Items_MAR_2016.docx,No,No
RFQ-RML-C-1786770,,52.212-5_Contract_T&C_Comm_Items_MAR_20163.docx,No,No
,,52.212-5_Contract_T&C_Comm_Items_MAY_20151.docx,No,No
,,52.212-5_Contract_T&C_Comm_Items_MAY_20152.docx,No,No
RFQ-RML-D-1819797,,52.212-5_Contract_T&C_Comm_Items_OCT_2016(45).docx,No,No
,,52.212-5_Contract_Terms_and_Conditions.pdf,No,No
,,52.212-5_Contract_Terms_and_Conditions_RML-RFQ-E-15005.pdf,No,No
RFQ-RML-D-1780392 ,,52.212-5_Feb2016.docx,No,No
RFQ-RML-D-1775280,,52.212-5_JAN2015.docx,No,No
,,52.212-5_NOI-1743115.docx,No,No
RFQ-RML-C-1820705,,52.212-5_Oct_2016.docx,No,No
,,52.212-51.pdf,No,No
,,52.227.14_Alternate_II.docx,No,No
NOI-RML-C-1824818,,52.232-19_Availability_of_Funds_clause(708).docx,No,No
RFQ-RML-C-1824701,,52.232-19_Availability_of_Funds_clause.docx,No,No
RML-RFQ-1840434,,52.232-40.docx,No,No
NOI-RML-C-1772931,,52.232-401.docx,No,No
HHS-NIH-NIAID-RML-SS-13-001,,5601_SOW__DRAFT_2.docx,Yes,Yes
RFP-NHLBI-PB(HL)-2008-059-KJM,,8(a)competitive-STATEMENTOFOBJECTIVES-Jan152008.doc,Yes,No
NOI11014,,Ambis_1531096_SOW.docx,No,Yes
NOI111106,,Ambis_1556801.docx,No,Yes
NOI11095,,Ambis_1560274.docx,No,Yes
NIAIDRFQ12027,,AMBIS1578703.docx,No,Yes
RFQ-RML-C-1786478,,Amendment_001_Q&A.docx,No,No
RFQ-RML-C-1791792 ,,Amendment_001_Q&A2.docx,No,No
RFQ-RML-C-1786478,,Amendment_002_Q&A.docx,No,No
RFQ-RML-C-1817053,,Amendment_002_Q&A_RFQRMLC1817053.docx,No,No
NIAID-DAIDS-NIHAI2015045,HHSN272201700004C,"Amendment_1,_RFP_NIAID-DAIDS-NIHAI2015045.pdf",No,No
NIAID-DAIDS-NIHAI2015048 ,,"Amendment_1,_RFP_NIAID-DAIDS-NIHAI2015048.pdf",Yes,No
RFP-NIAID-DAIT-NIHAI2016062 ,,Amendment_1.pdf,No,No
BAA-NIAID-DAIT-NIHAI2015042,HHSN272201700013C,Amendment_1_-_BAA-NIAID-DAIT-NIHAI2015042.pdf,No,No
PHS-2016-1,,Amendment_1_-_PHS2016-1.pdf,No,No
BAA-NIAID-NIHAI2016064,,Amendment_1_-_Questions_and_Responses_(BAANIAIDNIHAI2016064).pdf,No,No
RFP_NIAID_DMID_NIHAI2015036,,Amendment_1_-_Questions_and_Responses_.pdf,No,No
NIAID-DAIDS-NIHAI2014002 ,,Amendment_1_FINAL.pdf,No,No
BAA-NIAID-DAIDS-NIHAI2014014 ,,Amendment_1_NIAID-DAIDS-NIHAI2014014.pdf,No,No
NIAID-DAIDS-NIHAI2016060,HHSN272201700022C,Amendment_1_NIAID-DAIDS-NIHAI2016060.pdf,No,No
NIAID-DAIDS-NIHAI2015040,,Amendment_1_NIHAI2015040.pdf,No,No
NIAID-DAIDS-NIHAI2015049 ,,Amendment_1_RFP_NIAID-DAIDS-NIHAI2015049.pdf,Yes,No
NIAID-DAIDS-NIHAI2015055,,Amendment_1_RFP_NIAID-DAIDS-NIHAI2015055.pdf,No,Yes
NIAID-DAIDS-NIHAI2016071,,Amendment_1_RFP_NIAID-DAIDS-NIHAI2016071.pdf,No,No
NIAID-DAIDS-NIHAI2016072,,Amendment_1_RFP_NIAID-DAIDS-NIHAI2016072.pdf,No,No
RFP-NIAID-DMID-NIHAI2015043,,Amendment_1_-RFP--NIAID-DMID-NIHAI2015043.pdf,No,No
RFP-NIAID-DMID-NIHAI2017089,,Amendment_1-_RFP-NIAID-DMIS-NIHAI2017089.pdf,No,No
RFP-NIAID-DMID-NIHAI2015039,,Amendment_1_to_MID-BRR_RFP_-_Qs_&_As.pdf,No,No
,,Amendment_1_to_RFP_NIHAO2014020.pdf,No,No
NIAID-DAIDS-NIHAI2015048 ,,"Amendment_2,_RFP_NIAID-DAIDS-NIHAI2015048.pdf",No,No
BAA-NIAID-DMID-NIH-AI-2015037,HHSN272201600028C ,Amendment_2.pdf,No,No
BAA-NIAID-NIHAI2016064,,Amendment_2_-_(BAANIAIDNIHAI2016064).pdf,No,No
BAA-NIAID-DAIT-NIHAI2015042,HHSN272201700013C,Amendment_2_-_BAA-NIAID-DAIT-NIHAI2015042.pdf,No,No
BAA-NIAID-DMID-NIH-AI-2014028 ,HHSN272201600019C,Amendment_2_-_BAA-NIAID-DMID-NIH-AI-2014028.pdf,No,No
HHS-NIH-NIAID-BAA2017-1,,Amendment_2_-_HHS-NIH-NIAID-BAA2017-1.pdf,No,No
BAA-NIAID-DAIDS-NIHAI2014014 ,,Amendment_2_NIAID-DAIDS-NIHAI2014014.pdf,No,No
NIAID-DAIDS-NIHAI2015049 ,,Amendment_2_RFP_NIAID-DAIDS-NIHAI2015049.pdf,No,No
NIAID-DAIDS-NIHAI2015055,,Amendment_2_RFP_NIAID-DAIDS-NIHAI2015055.pdf,No,No
NIHCL2012119,HHSN269201200013I,Amendment_2_RFP_NIHCL2012119.pdf,No,No
RFP-NIAID-DMID-NIHAI2015043,,Amendment_2_-RFP--NIAID-DMID-NIHAI2015043.pdf,Yes,No
PHS-2016-1,,Amendment_2_Solicitation_PHS2016-1.pdf,No,No
BAA-NIAID-DAIT-NIHAI2015042,HHSN272201700013C,Amendment_3_-_BAA-NIAID-DAIT-NIHAI2015042.pdf,No,No
PHS-2016-1,,Amendment_3_-_PHS2016-1.pdf,No,No
RFP-NIAID-DMID-NIHAI2017089,,Amendment_3_-_RFP-NIAID-DMIS-NIHAI2017089_DGS_Workform_Links.pdf,No,No
BAA-NIAID-DAIDS-NIHAI2014014 ,,Amendment_3_NIAID-DAIDS-NIHAI2014014_FINAL.pdf,No,No
NIAID-DAIDS-NIHAI2015029 ,HHSN272201600010I,Amendment_3_NIAID-DAIDS-NIHAI2015029.pdf,No,No
NIAID-DAIDS-NIHAI2015040,,Amendment_3_NIHAI2015040.pdf,No,No
BAA-NIAID-DAIT-NIHAI2015042,HHSN272201700013C,Amendment_4_-_BAA-NIAID-DAIT-NIHAI2015042.pdf,No,No
HHS-NIH-NIAID-BAA2017-1,,Amendment_No._1(2).pdf,No,No
NIAID-DMID-NIHAI2017087,,Amendment_No._1.pdf,No,No
HHS-NIH-NIAID-DMID-NIHAI2017088,,Amendment_No._1_-_FBO.pdf,No,No
RFP-NIAID-DMID-NIHAI2017090,,Amendment_No._2_-_2017090.pdf,No,No
RFP-NIAID-DMID-NIHAI2017090,,Amendment_No._3_-_2017090.pdf,No,No
RFP-NIAID-DMID-NIHAI2017090,,Amendment_No._4_-_2017090.pdf,No,No
PHS-2016-1,,Amendment_No._4_-_PHS2016-1.pdf,No,No
RFP-NIAID-DMID-NIHAI2017090,,Amendment_No._5_-_2017090.pdf,No,No
RFP-NIAID-DMID-NIHAI2017090,,Amendment_No._7_-_2017090.pdf,No,No
RFP-NIAID-DMID-NIHAI2017090,,Amendment_No._8_-_2017090.pdf,No,No
RFP-NIAID-DMID-NIHAI2017090,,Amendment_No._9_-_2017090.pdf,No,No
NIAID-DMID-NIHAI2016065,,Amendment_One_-_NIAID-DMID-NIHAI2016065.pdf,No,No
RFP-NIAID-DMID-NIHAI2016059,HHSN272201700042I,Amendment1_RFP-NIAID-DMID-NIHAI2016059.pdf,No,No
RFP-NIAID-DMID-NIHAI2016059,HHSN272201700042I,Amendment10_RFP-NIAID-DMID-NIHAI2016059.pdf,No,No
RFP-NIAID-DMID-NIHAI2016059,HHSN272201700042I,Amendment11_RFP-NIAID-DMID-NIHAI2016059.pdf,No,No
RFP-NIAID-DMID-NIHAI2016059,HHSN272201700042I,Amendment4_RFP-NIAID-DMID-NIHAI2016059.pdf,No,No
RFP-NIAID-DMID-NIHAI2016059,HHSN272201700042I,Amendment6_RFP-NIAID-DMID-NIHAI2016059.pdf,No,No
RFP-NIAID-DMID-NIHAI2016059,HHSN272201700042I,Amendment7_RFP-NIAID-DMID-NIHAI2016059.pdf,No,No
RFP-NIAID-DMID-NIHAI2016059,HHSN272201700042I,Amendment8_RFP-NIAID-DMID-NIHAI2016059.pdf,No,No
NIHCL2010047v2,HHSN269201000161P,Apex_SOW_PRTS_167632_jy_(posting)_rev_v3_01-15-10.doc,Yes,Yes
NIAID-RFQ17-20161019 ,,Appendix_A_Cleaning_Schedule.pdf,No,No
NIHLM2013638,,Application__Proj_Mgmt_Tool_-_Market_Research_-_Sources_Sought_-_NLM_-_Detailed_Tech_Requirements_(12-19-12).docx,Yes,No
P169345L,HHSN269201100,Attachment1_-_SOW.pdf,Yes,Yes
NIHAO201759,,ATTACHMENT_08_-_BPI.pdf,No,No
RFP-NIAID-DMID-NIHAI2016059,HHSN272201700042I,Attachment_1_-_Packaging_and_Delivery_of_Proposal.pdf,No,No
,,Attachment_1_-_SOO.docx,Yes,Yes
NHLBI-HL-09-16,,Attachment_1_-_SOW_APPS.pdf,Yes,Yes
RFP-NIAID-DMID-NIHAI2015043,,ATTACHMENT_1_Packaging_and_Delivery_of_Proposal.pdf,No,No
RFQ-RML-C-1791792 ,,Attachment_2_-Wolff_Conference_Rm-_Bldg10-FWing-Floor11.pdf,No,No
DHHS-NIHAO2016054,,Attachment_3_-_Past_Performance_Survey.docx,No,No
,,"Attachment_3_-_Section_K_-_Representations,_Certifications,_and_Other_Statements_of_Offerors.pdf",No,No
,,ATTACHMENT_3_Statement_of_Work_CPQA_15_Amendment1_FINAL.pdf,No,Yes
RFQ-RML-C-1791792 ,,Attachment_4_-_Legrand_Poke-thru.pdf,Yes,No
NOI-RML-E-1851874,,Attachment_5_-_SOW_edited_for_posting.docx,No,Yes
,,ATTACHMENT_5_Business_Proposal_Instructions_CPQA_15_Amendment1_FINAL.pdf,No,No
,,Attachment_A_-_Statement_of_Work.pdf,Yes,Yes
BAA-NIAID-DMID-NIH-AI-2014007,,Attachment_A_Equipment_List.pdf,No,No
NIAID-RFQ17-20161019 ,,Attachment_B_Q&A.pdf,No,No
NIAID-RFQ17-20161019 ,,Attachment_D_floor_plan_of_the_building_9_West_Site_Map.pdf,No,No
HHS-NIH-NIAID-RML-RFQ-13-001,HHSN272201301072P,Attachment1_SOW_HHSNIHNIAIDRMLRFQ13001.pdf,Yes,Yes
N02-CM-17001-02,HHSN261201100060C,Attch_2_SOW_12-22-10.doc,No,Yes
RFQ-RML-C-1804442,,AV_Plan_View_and_RCP_Drawings_(1)_NIAID_Campus_Building_40_Project.pdf,No,No
RFQ-RML-C-1801765,,AV_Planview_&_RCP_Drawings-RFQRMLC1801765.pdf,No,No
RFQ-RML-C-1802996,,AV_Planview_and_RCP_Drawings-RFQRMLC1802996.pdf,No,No
BAA-NIAID-DAIDS-NIHAI2014014 ,,Award_Synopsis.pdf,No,No
BAA-NIAID-DAIDS-NIHAI2014014 ,,Award_Synopsis2.pdf,No,No
RFQ-NIAID-B-1864151,,B_SOW.doc,Yes,Yes
,,BAA_No._NIAID-DAIDS-NIHAI2015041_with_Attachments.pdf,No,No
BAA-NIH-NIAID-NCRR-DMID-03-36,,BAA03-36-FinalRevised11-05-02.pdf,No,Yes
BAA-NIAID-DMID-NIH-AI-2014007,,BAA-NIAID-DMID-NIH-AI-2014007_-_Amend_1_7-9-2014.pdf,No,No
NIAID-DAIDS-NIHAI2015041,,BAA-NIAID-DMID-NIH-AI-2014007_-_Amendment_2_7-24-2014.pdf,No,No
BAA-NIAID-DMID-NIH-AI-2014028 ,HHSN272201600019C,BAA-NIAID-DMID-NIH-AI-2014028.pdf,Yes,No
BAA-NIAID-NIHAI2016064,,BAANIAIDNIHAI2016064_Final_4.29.16_w_attachments.pdf,No,No
NIAID-RFQ17-20161012,,Bill_of_Materials_(BOM)_Corrected_Copy.pdf,No,No
NIAID-RFQ-17-1838905,,Bill_of_Materials_v2.pdf,No,No
RFQ-RML-D-1780392 ,,Biomek_Components[1].doc,No,No
NIAID-RFQ16-1796731 ,,Brand_Name.pdf,No,No
NIAID-DAIDS-NIHAI2014002 ,,Brand_Name_Fisher_lab_equipment_for_Caldwell_OM_1735978.docx,No,No
RFQRMLC1804276,,Brand_Name_JOFOC.pdf,No,No
,,BRAND_NAME_JOFOC_BECKMAN_COULTER_ULTRACENTRIFUGE_POSTING.docx,No,No
RFQ-RML-C-1798224,,BRAND_NAME_JOFOC_PALL_CORP_POSTINGdocx.docx,No,No
RFQ-RML-D-1775280,,Brand_Name_Justification.docx,No,No
RFQ-RML-1800654,,Brand_Name_Redacted.pdf,No,No
RFQ-RML-D-1781590,,Brand_Name3.pdf,Yes,No
RFQ-RML-D-1784367,,brandname_1784367_Milipore.docx,No,No
RFQ-RML-D-1799884 ,,brandname_1799884_Beckman_centrifuge.docx,No,No
RFQ-RML-C-1805376,,BUILDING_33_ROOM_1N09-RCP-Revised-01Sep16.pdf,No,No
RFQ-NIAID-B-1844125,,C_JOFOC_Brand_Name_Redacted_for_FBO.pdf,No,No
RFQ-NIAID-B-1859070,,C_JOFOC_Redacted.docx,No,No
,,CADSOW.docx,Yes,Yes
NIHLM2013685,HHSN276201300198P,CarrotSearch_SOW_2013_docx.docx,Yes,Yes
NIAID-RFQ-17-1818025,,CHART_1818025.docx,No,No
,,Citation_Data_Statement_of_Work_2016_Draft.pdf,Yes,Yes
NIHAO2017058,,Clinical_Monitoring_Q_and_A_NIHAO2017058_12-22-16.pdf,No,No
NIHAO2017058,,Clinical_Monitoring_Q_and_A_NIHAO2017058_12-22-16_FBO.pdf,No,No
NIHAO2017058,,Clinical_Monitoring_Q_and_A_NIHAO2017058_12-29-16_FBO.pdf,No,No
NIHAO201759,,Clinical_trial_Q_and_A_-_NIHAO2017059_12-22-16_for_FBO.pdf,No,No
,,Combined_Amendment_2_&_Attachment_7_Final.pdf,No,No
P13-003000,,Combined_Synopsis-Solicitation(1).pdf,Yes,Yes
P13-001929,,Combined_Synopsis-Solicitation(2).pdf,Yes,Yes
HHS-NIH-NIAID-DMID-NIHAI2015032 ,,Combined_SynSol_HHS-NIH-NIAID-DMID-NIHAI2015032.pdf,No,Yes
HHS-NIH-NIAID-DMID-NIHAI2017088,,Combined_SynSol_HHS-NIH-NIAID-DMID-NIHAI2017088.pdf,Yes,Yes
NIHAO2009034,,Contract[1].pdf,No,Yes
NIAID-RFQ-14C-1700923,,Controlled_Rate_Freezers__2014-2015.doc,No,Yes
080310RFI,,CSAS_RFI_080310.docx,Yes,Yes
RFQ-NIAID-B-1846980,,D_SOW.doc,No,Yes
RFQ-NIAID-B-1847863,,D_SOW_.pdf,No,Yes
NOINIAIDB1839453,,D_SOW_1839453.docx,Yes,Yes
NOINIAIDB1840135,,D_SOW_1840135.doc,Yes,Yes
RFQ-NIAID-B-1851655,,D_SOW2.doc,No,Yes
NIAID-AO-2011-052 ,HHSN272201100033C,DCR_Pat_RecruitRFP-NIHAO2011052.pdf,No,Yes
DHHSNIHAO2016038,,DHHS-NIHAO2016038-amd1.pdf,No,No
DHHSNIHAO2016038,,DHHS-NIHAO2016038-amd2.pdf,No,No
DHHSNIHAO2016038,,DHHS-NIHAO2016038-amd3.pdf,Yes,Yes
DHHSNIHAO2016038,,DHHS-NIHAO2016038-amd4.pdf,No,No
DHHS-NIHAO2016046,,DHHS-NIHAO2016046_-_Amd1.pdf,No,No
DHHS-NIHAO2016054,,DHHS-NIHAO2016054_-_Addtl_Q&A.pdf,No,No
DHHS-NIHAO2016054,,DHHS-NIHAO2016054_-_Addtl_Q&A2.pdf,No,No
DHHS-NIHAO2016054,,DHHS-NIHAO2016054_-_Correction_to_Q&A.pdf,No,No
DHHS-NIHAO2016054,,DHHS-NIHAO2016054_-_Final_Q&A.pdf,No,No
DHHS-NIHAO2017075,,DHHS-NIHAO2017075_Supplement.pdf,Yes,Yes
Reference-Number-DIR-03-63,,DIR.03.63RFP.doc,No,Yes
NIAID-DIR-07-48,HHSN272200700011C,DIR-07-48RFPFinal.pdf,No,Yes
DL1754318,HHSN273201000358P ,DL1754318-comb-9-10.pdf,Yes,Yes
NOI-OLAO-5-2146687,,Docushare_Statement_of_Work.pdf,Yes,Yes
RFP-NIH-NIAID-DAIT-05-46,,donaldRFP.doc,No,Yes
RFQ1573618,,downloader.docx,No,Yes
NIAIDNOI12116,,downloader_aspx.docx,Yes,Yes
NIAIDRFQ12063,,downloader_aspx_(2).docx,Yes,Yes
HHS-NIH-NIAID(AI)-SBSS-12-038,,Draft_BISC_SOW.docx,Yes,Yes
,,Draft_SOW.pdf,Yes,Yes
RFI_NIHLM2013701SRE,,Draft_SOW_STAR_METRICS.doc,Yes,Yes
,,Draft_SOW_Wellcome_II_11-14.pdf,Yes,Yes
,,Draft_Statement_of_Work.pdf,Yes,Yes
RFQ-NIAID-B-183259,,D-SOW_1832599.pdf,No,Yes
NHLBI-PB-2006-128,,ElectronicRFPPB-2006-128.pdf,No,Yes
NIAID-NOI-1773294,,Equipment.pdf,No,No
NIAID-NOI-17-1816672,,Equipment_Inventory_Information_(1816672).pdf,No,No
RFQ-RML-D-1780392 ,,Equipment_list_-_line_items_for_quote.pdf,No,No
NIHAO2017066,,evaluation.pdf,No,No
DHHS-NIHAO2016054,,Evaluation_Support_Services_-_RFP_Q&A.pdf,No,No
NIHA02017074,,exibit.pdf,No,Yes
NIHCL2010064,,ExtemeZ-IP__Maintenance_Renewal_SOW_3-18-10_jy.doc,Yes,Yes
CIO-CS-RFQ-CS-33934,,Fair_Opportunity.pdf,Yes,No
NOI-RML-D-1794780,,FAR_52.212-1.pdf,No,No
NOI-RML-D-1794780,,FAR_52.212-3.pdf,Yes,No
NOI-RML-D-1794780,,FAR_52.212-4.pdf,No,No
RFQRMLC1804276,,FAR_52.212-5.pdf,No,No
RFQ-RML-D-1786569 ,,FAR_52.212-52.pdf,No,No
RFQ-RML-D-1785671,,FAR_52.212-54.pdf,No,No
RFQ-RML-D-1786569 ,,FAR_52.222-52_SCA_Exemption.pdf,No,No
NIAID-RFQ17-1850841,,FAR_52_212_5.pdf,No,No
NIAID-RFQ17-20161012,,FAR_52_212_5000.pdf,No,No
NIAID-RFQ17-1809993,,FAR_52_212_505.pdf,No,No
NIAID-RFQ16-1789760,,FAR_52_212_52.pdf,No,No
NIAID-RFQ17-20161011,,FAR_52_212_555.pdf,No,No
RFQ-RML-D-1781777,,FAR_52_2123_5.pdf,No,No
NIAID-RFQ17-1850841,,FAR_52_217_6.pdf,No,No
RFQ-RML-D-1769743-,,FAR_52_2412_5.pdf,No,No
NOI-RML-D-1794780,,FAR_52-212-5.pdf,No,No
,,FAR_Clause_52.212-1.pdf,No,No
,,FAR_Clause_52.2121-1.pdf,No,No
,,FAR_Clause_52.212-3.pdf,No,No
RFQ-RML-D-1769743 ,,FAR4_52_212_5.pdf,No,No
NIAIDRFQ12050,,fed_biz_op_AUTOCLAVES.doc,No,Yes
NIH-RML-E-2016-Feed,,Feed_and_Beddings_Specs.docx,No,No
NIAID-DAIDS-NIHAI2015029 ,HHSN272201600010I,FINAL_Amendment_1_RFP_NIAID-DAIDS-NIHAI2015029.pdf,No,No
NIAID-DAIDS-NIHAI2015029 ,HHSN272201600010I,FINAL_Amendment_2_NIAID-DAIDS-NIHAI2015029.pdf,No,No
NIH-NIAID-DAIDS-NIHAI2010086,HHSN272201100023C,FINAL_RFP(1).pdf,No,Yes
NIHAO2011024,,Final_RFP.pdf,No,Yes
RFP-NIAID-NIHAI2008026,HHSN272200900050C,FINAL_RFP_2008026_with_Attachments_-_7-23-08.pdf,No,Yes
RFP-NIAID-DAIDS-NIHAI2012142,HHSN272201300010C,Final_RFP_Functional_Genomics.pdf,No,Yes
NIAID-DMID-NIHAI2010090,,Final_RFP2010090_with_attach_12-1-10.pdf,No,Yes
NIH-NIAID-DAIDS-07-25,,FINAL0725rfp.doc,Yes,Yes
RFP-NIH-NIAID-DAIT-08-13,,Final0813rfp.pdf,No,Yes
S08125,,Final28XS125Solicitation.doc,Yes,Yes
NIH-NIAID-DMID-PR04-01,,Final-mAbsSolicitationposting.doc,No,Yes
RFP-NIH-NIAID-DAIDS-07-31,,FinalRFP.pdf,Yes,Yes
NIH-NIAID-DAIDS-07-24,,FinalRFP07-24.pdf,No,Yes
RFP-NIH-NIAID-DMID-07-12,HHSN272200700031C,FINALRFPandATTACHMENTS07-12-4-11-06.pdf,No,Yes
RFQ-RML-D-1781777,,Fishers_Lane_Mic_Upgrade_AsBuilt[1].pdf,No,No
,,Footprints_SOW_2016.pdf,Yes,Yes
RFQ-RML-C-1748189,HHSN272201600103U,FSS_LSJ_BrandName_Tintri_RFQ1061710_REDACTED.pdf,Yes,No
RML-C-1768190,HHSN272201600080U,FSS_LSJ_BrandName_VMwareLicenses_RFQ1056807_REDACTED.pdf,Yes,No
NOI-RML6-13004,,Gnotobiotic_Housing_Breeding_SOW.doc,No,Yes
SN183737,,Guardrails_Software_SOW.doc,Yes,Yes
PKI-KDM,,HHS_PKI_SOW.docx,Yes,Yes
RML-RFQ-C-1771060 ,,HHS_SSJ_OpenText_RMLRFQC1771060_REDACTED.pdf,Yes,No
,,HHSAR_352.222-70.pdf,No,No
,,HHSAR_352.242-711.pdf,No,No
RML-RFQ-C-1771060 ,,HHSAR_FAR_Provisions_Clauses_RMLRFQC1771060.pdf,Yes,No
HHS-NIH-NIAID(AO)-SS-14-001,,HHS-NIH-NIAID(AO)-SS-14-001_-_DCR's_FBO_Sources_Sought_announcement_(15_July_2014).pdf,No,Yes
HHS-NIH-NIAID-BAA2017-1,,HHS-NIH-NIAID-BAA2017-1.pdf,No,No
NIH-OLAO-OD5-2571892,,HP_SaaS_SOW.doc,Yes,No
NLM-10-152-EJB,HHSN-276-2010-00771P,HP_servers_description_of_services.docx,Yes,No
NOI-OLAO-OD5-2314116,,inforglobalSOW.doc,No,Yes
,,INNOTAS_PROJECT_PORTFOLIO_MANAGEMENT_TOOL_SOW.pdf,Yes,Yes
NIHES2012144,,Instem_LSS_Contract_HHSN273201000004C_FBO_JOFOC.pdf,No,No
RFQ-RML-D-1786569 ,,Instructions_-_LAD2_cells.doc,No,No
NIHLM2012284-RLS,,Internet_Monitoring_rfq.docx,Yes,No
NIHLM2012284-RLS,,Internet_Monitoring_SOW.docx,Yes,Yes
NIHCL2011085,,IT_Architect_SOW_-_Attachment_No_1.pdf,Yes,Yes
12-006652,,IT_Security_-_Acquisition_Provision_-_NIH_Security_(08-31-10)_TMV_Upgrade_3232012.docx,Yes,No
HHS-NIH-NIAID-RDSS-17-NIHAI2017SDCC1,,J&A_-_HHSN272201500002C_-_Additional_Level_of_Effort.pdf,Yes,No
RFQ-RML-C-1805376,,J&A_Brand_Name_-_Bldg_33_1N09-RFQRMLC1805376.pdf,Yes,No
RFQ-RML-C-1801765,,J&A_Brand_Name_-Bldg_33_AV_upgrade-RFQRMLC1801765-REDACTED.pdf,Yes,No
RFQ-RML-C-1804442,,J&A_Brand_Name-Bldg_40_1207_AVupgrade-RFQRMLC1804442-REDACTED.pdf,Yes,No
,,J&A_seq01737172_Aperio_Scanner1.docx,No,No
NOI-RML-C-1801545,HHSN272201601397P,J&A_Sole_Source_St._Patrick_Hospital-NOIRMLC1801545-REDACTED.pdf,No,No
RFQ-RML-C-1802996,,J&A-Brand_Name-NIHCampusAVupgrade-RFQRMLC1802996-REDACTED.pdf,Yes,No
NOI-RML-C-1856705,HHSN272201700788P,J&A-HHSN272201700788P-Core_LIMS-REDACTED.pdf,Yes,Yes
RFQ1199786,HHSN272201700222U,J_&_A.pdf,No,No
CS-34311,HHSN316201500012W,JEFO_NetApp_Refresh_FY16_CS34311_REDACTED.pdf,Yes,No
NIH-LM-2016884,,JIRA_SOW_2016_.pdf,Yes,Yes
,HHSN272201600857P,JOFOC.pdf,No,No
RFQ-RML-C-1819323,,JOFOC_1819323.pdf,No,No
NOI-RML-C-1824818,,JOFOC_1824818.pdf,No,No
NOI-RML-C-1794659 ,,JOFOC_Idexx_posting_.docx,No,No
RFQ1095182,GS-24F-2044D,JOFOC_posting.doc,No,No
RFQ-RML-D-1769743-,,JOFOC_tm_022316.pdf,Yes,No
NIAID-NOI16-1771954,,JOFOC022.pdf,No,No
NIAID-NOI16-1789054,HHSN272201600738P,JOFOC2.pdf,No,No
RFQ-RML-D-1769743 ,,JOFOC6.pdf,Yes,No
RFQ-RML-D-1785671,,JOFOC8.pdf,No,No
RFQ-RML-C-1791792 ,,JOFOC-Brand_Name-RFQRMLC1791792-REDACTED.pdf,Yes,No
NIH-NICHD-NCS-2012-15,HHSN275201200027C,JOFOC-NCS_Navigator-_Northwestern_University.pdf,No,No
NIAIDNO1171845580,HHSN272201700612P,Justappr.pdf,No,No
HHS-NIH-NIAID-NIHAI2016HP1,HHSN272201200031C,Justification_&_Approval_for_Use_of_Other_than_Full_and_Open_Competition.doc,No,No
NHLBI-CSB-(HL)-2012-126-RMD,,Justification_&amp;_Approval.pdf,Yes,No
RFQ-RML-C-1786478,,Justification_for_Brand_Name-RFQRMLC1786478-REDACTED.pdf,Yes,No
RFQ-RML-C-1786478,,Justification_for_Brand_Name-RFQRMLC1786478-v1-REDACTED.pdf,Yes,No
NOI-RML-D-1854830,,Large_Service_52.212-5_(Jan_2017)_with_352.222-70_(Dec_2015).pdf,No,No
RFQ-RML-D-1854186,,Large_Supply52.212-5_(Jan_2017)_with_352.222-70_(Dec_2015).pdf,No,No
NIAID-RFQ12033,,Lexis_2012_SOW_3-13-12.docx,Yes,Yes
RFQ-RML-D-1854186,,Limited_Source_Justification_(2).pdf,No,No
RFQ-RML-C-1805376,,ListOfChangesToTheSOW-01Sep16.docx,Yes,No
NIHAO2012069,,LMIV;_RFP.pdf,No,Yes
NIHAO2014015PS,,LMIV-SOW-2014-07-16-Single_Protocol.doc.docx,No,Yes
RFQ-RML-D-1852262,,LSJ.pdf,Yes,No
NOI-RML-C-1851677,,LSJ_Pinnacle_21-signed-REDACTED.pdf,Yes,Yes
NOI-RML-C-1777275,,LSJ_Zayo_5625_Fishers_Lane_Install_NOIRMLC1777275-REDACTED.pdf,Yes,No
NOI-RML-C-1776572,,LSJ_Zayo_REDACTED.pdf,Yes,No
NITAAC-CS36647,,LSJ2.pdf,Yes,No
NIAID-NOI16-1796828,HHSN272201600239U,LSJ3.pdf,No,No
NIAID-NOI16-1796457,HHSN272201600803P,LSJ4.pdf,No,No
NIAIDNOI1790362,,LSJ5.pdf,No,No
,,Medical_Imaging_Software_Development_-_Statement_of_Work.pdf,Yes,Yes
NIAID-DIR-07-44,,MIDIR-07-44RFPmainandarticles.pdf,No,Yes
NIHAO2016041,,NBBTP_-_SOW.pdf,No,Yes
NIHAO2016056,,NBBTP_Pricing_Template.pdf,No,No
NIHAO2016041,,NBBTP_Sources_Sought_Notice.pdf,No,No
NIH-LM-2013-800-EJB,,NBS-Toad_Draft_SOW_7.23-13.docx,Yes,Yes
,,NCCIH-ITO-Security-Support-SOW.pdf,Yes,Yes
NIAID-DAIDS-NIHAI2015045,HHSN272201700004C,NCMS_Final_RFP.pdf,Yes,Yes
NIAID-RFQ12061,,New_Microsoft_Word_Document_(3).docx,No,Yes
NHLBI-CSB-DE-2014-09-CM,HHSN268200800017C,NHLBI-CSB-DE-2014-09-CM.pdf,Yes,Yes
RFP-NIAID-DAIDS-NIH-AI-2010035,HHSN272201200009C,NIAID_DAIDS_NIHAI2010035_Final.pdf,No,Yes
RFP-NIAID-DAIDS-NIHAI2012138,HHSN272201300004I,NIAID_DAIDS_NIHAI2012138.pdf,No,Yes
NIAID-DAIDS-NIHAI2016071,,NIAID_DAIDS_NIHAI2016071_with_Attachments_1-7.pdf,No,No
NIAID-DIR-07-42,HHSN272200700004C,NIAID_DIR_07_42.pdf,No,Yes
NIAID-DAIDS-NIHAI2009064,HHSN27201000013C,NIAIDDAIDSNIHAI2009064FINALpdf_(2).pdf,No,Yes
NIAID-DAIDS-NIHAI2010106.pdf,,NIAID-DAIDS-NIHAI2010106.pdf,No,Yes
NIAID-DAIDS-NIHAI2013170,,NIAID-DAIDS-NIHAI2013170.pdf,No,Yes
NIAID-DAIDS-NIHAI2015029 ,HHSN272201600010I,NIAID-DAIDS-NIHAI2015029_with_Attachments_1-24.pdf,Yes,Yes
NIAID-DAIDS-NIHAI2016058,HHSN272201700057C,NIAID-DAIDS-NIHAI2016058_Final.pdf,Yes,No
NIAID-DAIDS-NIHAI2016075,,NIAID-DAIDS-NIHAI2016075_Final_11.17.16.pdf,No,No
NIAID-DCR-07-18,HHSN27220070016I,NIAID-DCR-07-18.pdf,Yes,Yes
NOI-15-1743576,,NIAID-NOI-15-1743576.docx,Yes,No
NIAID-OCR-04-70,HHSN2722004000102D,NIAID-OCR-04-70.doc,No,Yes
HHS-NIH-NIEHS-11-001,,NIEHS_Enterprise_IT_Services_Support_RFI_Appendicies_Dec.30.pdf,Yes,Yes
DG2563383,HHSN263999900029I,NIEHS_EWITS_Justification_for_anException_to_Fair_Opportunity_Package_-_version_9_with_accepted_changes_--_REDACTED_VERSION.pdf,Yes,No
NIAID-DAIDS-NIHAI2015040,,NIHAI2015040_with_attachments.pdf,Yes,No
NIAID-DAIDS-NIHAI2016060,HHSN272201700022C,NIHAI2016060_RFP_FINAL.pdf,No,Yes
NIHAO2008010,,NIHAO2008008RFPFinal.pdf,No,Yes
NIHAO2008011,HHSN272200900010C,NIHAO2008011.pdf,No,Yes
NIHAO2008012,HHSN272200900026C,NIHAO2008012solicitation.pdf,Yes,Yes
NIHAO2008015,,NIHAO2008015.RFP.doc,No,Yes
NIHAO2008017,HHSN272200900004C,NIHAO2008017_Final.pdf,Yes,Yes
NIHAO2008018_,,NIHAO2008018.RFP.pdf,No,Yes
NIHAO2008024,,NIHAO2008024_RFP_-_Final_.pdf,No,Yes
NIHAO200816,HHSN272200900001I,NIHAO200816final.pdf,Yes,Yes
NIHAO2009025,,NIHAO2009025.pdf,No,Yes
NIHAO2010041,,NIHAO2010041.pdf,No,Yes
NIHAO2011063,HHSN272201200015C,NIHAO2011063.pdf,No,Yes
NIHAO2017058,,NIHAO2017058_Monitoring_Draft_12-8-16_attachments.pdf,No,Yes
NIHAO201759,,NIHAO2017059_Final_12-7-16.pdf,No,Yes
DHHS-NIH-NIAID(AO)-SS-17-072,,NIHAO2017072.pdf,No,No
06-122NA,,NIHDataMgtMiddlewareRFI.doc,Yes,No
06-116,,NIHMoMRFI.doc,Yes,No
NIAID-DMID-NIHAI-2011036,,NIH-NIAID-DMID-ICSS-2011036.pdf,No,Yes
,,NITAAC_Acquisition_Support__Sources_Sought_SOO.docx,Yes,Yes
NIHLM2012235,,NLM_Internet_Monitoring_SOW.pdf,Yes,Yes
NIAIDNOI11083,,NOI11083__Ambis_1550149.docx,Yes,Yes
NIAIDNOI11086,,NOI11086_-_AMBIS__1550936.docx,No,Yes
NOI13008,,NOI13008.pdf,No,Yes
164404,,Novell_MLA_Managed_Objects_Maintenance_Renewal_SOW_PRTS_164404_8-11-09_jy.doc,Yes,Yes
,,Offeror_Representations_and_Certifications.pdf,Yes,Yes
NOI-RML-C-1857369,,Olympus_America_scopes_1857369_Meade-White_FBO_redacted.docx,No,No
RFQ-NIAID-B-1849583,,P_52.212-5_Contract_T&C_Comm_Items_Jan_2017(1).docx,No,No
RFQ-NIAID-B-1845133,,P_52.212-5_Contract_T&C_Comm_Items_Jan_2017(100).docx,No,No
RFQ-NIAID-B-1845775,,P_52.212-5_Contract_T&C_Comm_Items_Jan_2017(15).docx,No,No
RFQ-NIAID-B-1844125,,P_52.212-5_Contract_T&C_Comm_Items_Jan_2017(16).docx,No,No
RFQ-NIAID-B-1856219,,P_52.212-5_Contract_T&C_Comm_Items_Jan_2017(2).docx,No,No
RFQ-NIAID-B-1841511,,P_52.212-5_Contract_T&C_Comm_Items_Jan_2017(50).docx,No,No
RFQ-NIAID-B-1847863,,P_52.212-5_Contract_T&C_Comm_Items_Jan_2017(6).docx,No,No
RFQ-NIAID-B-1859070,,P_52.212-5_Contract_T&C_Comm_Items_Jan_2017.docx,No,No
RFQ-NIAID-B-183259,,P_FAR_52.212-5_(Jan_2017).pdf,No,No
NOI-RML-D-1794780,,Part_352_Solicitation_Provisions_and_Contract_Clauses_HHS.pdf,No,No
NIHAO2016045,,Patient_Recruitment_Contract_-_Recompetition.docx,No,No
NIAID-RFQ17-1822274,,PD.pdf,No,No
NIAID15-JDB1708949,,Performance_Work_Statement.doc,No,Yes
,,PHRP-PPHI_SOW_.pdf,Yes,Yes
PHS-2016-1,,PHS2016-1.pdf,No,No
PHS-2017-1,HHSN272201700064C,PHS2017-1.pdf,No,No
PHS-2018-1,,PHS-2018-1.pdf,Yes,No
RFQ-RML-C-1805376,,Planview_-_Building_33_Room_1N09.pdf,No,No
NOI-RML-E-1855545,,posted_SOW.docx,No,Yes
NIHAO2017058,,Precis_-_Clinical_Monitoring(100).pdf,No,No
NIHAO2017058,,Precis_-_Clinical_Monitoring.pdf,No,No
NIAD-DAIDS-NIHAI2010098,HHSN272201100021I,Preclinical_Development_Support_NIAID_DAIDS_NIHAI2010098.pdf,Yes,Yes
RFP-NIAID-DAIDS-NIHAI2013184,,Pre-Sol_Amendment_1_QVOA_NIHAI2013184.pdf,No,No
RFP-NIAID-DMID-NIHAI2016059,HHSN272201700042I,Pre-Sol_Notice04_29_16.pdf,No,No
BAA-NIAID-DAIT-NIHAI2015042,HHSN272201700013C,PRESOL_NOTICE_BAA-NIAID-DAIT-NIHAI2015042_12-8-15.pdf,No,No
NIHAI2017090,,presol_notice2.pdf,No,No
BAANIHAI2016064,,Presolication_Notice_BAA_NIHAI2016064.pdf,No,No
RFP-NIAID-DMID-NIHAI2017089,,Presolicitation_Notice(55).pdf,No,No
NIAID-DMID-NIHAI2017087,,Presolicitation_Notice.pdf,No,No
DHHS-NIHAO2016054,,PRICE_AND_PRICE_RELATED_ELEMENTS.docx,No,No
RFQ-RML-C-1817053,,Provisions_&_Clauses-_Gases-RFQRMLC1817053.pdf,No,No
RFQ-RML-C-1805376,,Provisions_&_Clauses-Bldg_33_1N09-RFQRMLC1805376.pdf,Yes,No
RFQ-RML-C-1801765,,Provisions_&_Clauses-RFQRMLC1801765.pdf,Yes,No
RFQ-RML-C-1802996,,Provisions_&_Clauses-RFQRMLC1802996.pdf,Yes,No
RFQ-RML-C-1804442,,Provisions_&_Clauses-RFQRMLC1804442.pdf,Yes,No
RFQ-RML-C-1786478,,Provisions_Clauses_RFQRMLC1786478.pdf,Yes,No
NIHAI2015047 ,,PWS_NIHAVupgrade_NIHAI2015047_DRAFT.pdf,Yes,No
NIHAO2017066,,PWS-_Strategy_and_Financial_Mgmt.pdf,No,No
NIHAO2017066,,PWS-_Strategy_and_Financial_Mgmt.v1.pdf,No,No
NIHAO2017057,,PWSProfessionalTechnicalandScientificSupport_2016_draft.docx,No,No
NIAID-RFQ-17-1816540,,Q&A_1816540.pdf,No,No
NIAID-RFQ-17-1816540,,Q&A_181654012.pdf,No,No
NIAID-RFQ-17-1818025,,Q&A_1818025.pdf,No,No
NIAID-RFQ-17-1818025,,Q&A_181802575.pdf,No,No
NIHAO2017066,,Q&A_1821920.pdf,No,No
NIHAO2017066,,Q&A_1821920_update.pdf,No,No
NIAID-RFQ17-20161019 ,,Q&A_2.pdf,No,No
NIAID-RFQ17-20161011,,Q&A_Courier.pdf,No,No
NIAID-RFQ17-1809993,,Q&A_for_Mapping.pdf,No,No
NIAID-RFQ17-20161012,,Q&A55.pdf,No,No
NIHA02017074,,qa.pdf,No,No
RFQ-RML-C-1802996,,QA_082416_8_30_16-FINAL.docx,No,No
RFQ-RML-C-1802996,,QA_082516_8_30_16_-FINAL.docx,No,No
RFQ-RML-C-1802996,,QA_Misc_8_30_16_-FINAL.docx,No,No
RFQ-RML-C-1805376,,QA_Misc_bldg_33_1N09.docx,No,No
RFQ-RML-C-1801765,,QA_Misc-090216.docx,No,No
RFQ-RML-C-1801765,,QA_Site_visit_Bldg_33_Aug_25-090216.docx,No,No
RFQ-RML-C-1805376,,QA_Site_Visit_Bldg_33_Room_1N09.docx,No,No
RFQ-RML-C-1804442,,QA-Misc-083116-FINAL.docx,No,No
RFQ-RML-D-1781777,,Question_and_Answer.pdf,No,No
RFQ-RML-D-1769743-,,Question_and_Answer2.pdf,No,No
RFQ-RML-D-1769743-,,Question_and_Answer3.pdf,No,No
NIHAO2016056,,Questions_and_Answers_NIHAO2016056.pdf,No,No
NIHAO2016055,,Questions_and_Answers_revised_9-14-16.pdf,No,No
HHS-NIH-NIAID-RDSS-17-NIHAI2017SDCC1,,RD_Sources_Sought_HHS-NIH-NIAID-RDSS-17-NIHAI2017SDCC1.pdf,Yes,No
RFQ130113,,RECOVERY_RFQ130113_SF1449_and_Provisions_.pdf,Yes,No
RFQ130113,,Recovery_RFQ130113_Statement_of_Work_and_Security_Provisions_.pdf,Yes,Yes
,HHSN272201100021I,Redacted_JOFOC_Contract_HHSN272201100021I.pdf,No,No
NIH-OD2012313,HHSN263201200138P,"Req_2369942,_Solicitation.pdf",No,No
,,"Req_4223951,SOW.docx",Yes,Yes
NOI-OLAO-OD5-2353062,,req2353062_citation_data_purchase_sow.docx,No,Yes
RFQ-RML-C-1801765,,REVISED_SOW-Bldg_33_AV_Upgrade-RFQRMLC1801765_090216.docx,Yes,Yes
RFQ-RML-C-1804442,,REVISED_SOW-Bldg_40_Rm_1207_AV_upgrade-RFQRMLC180442-090116.docx,Yes,Yes
RFQ-RML-C-1802996,,REVISED_SOW-NIH_campus_AV_upgrade_-RFQRML14802996-083016.docx,Yes,Yes
S10-092,,RFI_S10-092_-_Issued_12-7-09.doc,Yes,No
06-RFI-01,,RFIFINALSecurityDTEmailEncryption10-07-05_4.doc,Yes,No
NIAID-VRC-07-57,HHSN272200700039C,RFP(1).doc,Yes,Yes
NIHES2010093,HHSN273201000013C,RFP.doc,No,No
RFP-NIAID-DAIT-NIHAI2009063,,RFP.solicitation-NIHAI2009063.pdf,No,Yes
NIHOA2015025,,RFP_10-21-15_with_Attachments.pdf,Yes,Yes
RFP-NIAID-DMID-NIHAI2009052,,RFP_2009052_with_Attachments--4-22-09.pdf,No,Yes
RFP-NIAID-NIHAI2010091,,RFP_2010091_Final_w_Attach.pdf,No,Yes
RFP-NIAID-DMID-NIHAI2010102,HHSN272201100023I,RFP_2010102_w-Attach12-14-10.pdf,No,Yes
RFP-NIAID-DMID-NIHAI2017090,,RFP_2017090_3_29_2017.pdf,Yes,Yes
RFP-NIAID-DMID-NIHAI2017090,,RFP_2017090_3_29_2017_(updated_POCs).pdf,Yes,Yes
RFP-NIH-NIAID-DMID-AI2008-010,HHSN272200900009C,RFP_AI2008-010-wAttachments.pdf,Yes,Yes
RFP-NIAID-DMID-NIHAI2016059,HHSN272201700042I,RFP_Attachment_1_-_Packaging_and_Delivery_of_Proposal.pdf,No,No
DHHS-NIHAO2016054,,RFP_DHHS-NIHAO2016054.doc,Yes,Yes
NIHAO2016056,,RFP_NBBTP.pdf,No,No
NIHAO2016056,,RFP_NBBTP_Revised.pdf,No,No
NIAID-DAIDS-NIHAI2014013 ,HHSN272201600011I,RFP_NIAID-DAIDS_NIHAI2014013.pdf,No,Yes
RFP_NIAID-DAIDS-NIHAI2008036,HHSN272201000001C,RFP_NIAID-DAIDS-NIHAI2008036_10.17.08.pdf,No,Yes
RFP-NIAID-DAIDS-NIHAI2009071,HHSN272201000028C,RFP_NIAID-DAIDS-NIHAI2009071.pdf,No,Yes
RFP_NIAID-DAIDS-NIHAI2009072,HHSN272201100016C,RFP_NIAID-DAIDS-NIHAI2009072.pdf,No,Yes
RFP-NIAID-DAIDS-NIHAI2013172,HHSN272201400010I,RFP_NIAID-DAIDS-NIHAI2013172_FINAL.pdf,No,Yes
NIAIDDAIDSNIHAI2015035,HHSN272201700010I,RFP_NIAID-DAIDS-NIHAI2015035.pdf,No,Yes
NIAID-DMID-NIHAI2010092,,RFP_NIAID-DMID-NIHAI2010092.pdf,No,Yes
NIAID-DMID-NIHAI2017087,,RFP_NIAID-DMID-NIHAI2017187.pdf,No,Yes
NIHAI2008044,HHSN272200900052C,RFP_NIHAI2008044.pdf,No,Yes
NIAID-DAIDS-NIHAI2016069,,RFP_NIHAI2016069_Revised_11.21.16_w_Attachment.pdf,No,No
NIHAO2010049,HHSN272201000049I,RFP_NIHAO2010049.pdf,Yes,Yes
NIHOA2012079,,RFP_NIHAO2012079.doc,No,Yes
NIHAO2015035,,RFP_NIHAO2015035.pdf,Yes,No
NIHCL2013143,,RFP_NIHCL2013143.pdf,No,No
NIAID-DAIDS-NIHAI2015050,,RFP_No._NIAID-DAIDS-NIHAI2015050.pdf,Yes,No
NIHAO2016055,,RFP_NVITAL-VPPL.pdf,No,No
NIHAO2016055,,RFP_NVITAL-VPPL_revised.pdf,No,No
NIHAO2016055,,RFP_NVITAL-VPPL_revised_9-14-16.pdf,No,Yes
S10-055,,RFP_S10-055_CDE_Harmonization_(CBIIT)_10_20_09.doc,Yes,No
ST10-1094,,RFP_Solicitation_ST10-1094.docx,No,Yes
NIHLM2013682,,RFP_TIC_682.pdf,Yes,Yes
NIHAO201700080,,RFP_with_Attachments(9).pdf,No,Yes
RFP-NIAID-DAIDS-NIHAI2012150,HHSN272201400014C,RFP_with_Attachments.pdf,No,Yes
RFP-NIH-NIAID-DMID-03-04,,RFP03-04.doc,No,Yes
RFP-NIH-NIAID-DAIT-03-22,,RFP03-22Final.pdf,Yes,Yes
RFP-NIH-NIAID-DAIDS-03-25,,RFP03-25Final.doc,Yes,Yes
RFP-NIH-NIAID-DMID-03-28,,RFP03-28.doc,Yes,Yes
RFP-NIH-NIAID-DMID-03-32,,RFP03-32.doc,No,Yes
RFP-NIH-NIAID-DMID-03-44,,RFP03-44.doc,No,Yes
NIH-NIAID-DMID-03-45,HSSN266200400061C,RFP03-45(2).doc,No,Yes
RFP-NIH-NIAID-DMID-04-17,,RFP0417.pdf,No,Yes
NIH-NIAID-DMID-04-22,HHSN266200400100C,RFP04-22.pdf,No,Yes
NIH-NIAID-DMID-04-34,,RFP0434.doc,Yes,Yes
RFP-NIH-NIAID-DAIT-04-39,,RFP04-39.doc,No,Yes
NIH-NIAID-DAIT-04-44,,RFP0444.pdf,Yes,Yes
RFP-NIH-NIAID-DAIT-04-45,,RFP0445.pdf,Yes,Yes
RFP-NIH-NIAID-DAIT-04-46,,RFP04-46FINAL.doc,Yes,Yes
RFP-NIH-NIAID-DMID-04-49,,RFP04-49.doc,No,Yes
RFP-NIAID-OD-04-60,N01-AO-40099,RFP04-60.doc,No,Yes
RFP-NIH-NIAID-DAIDS-05-06,,RFP-05-06.pdf,Yes,Yes
RFP-NIH-NIAID-DAIDS-05-16,HHSN266200500044 / N01-AI-50044,RFP05-16-Final.pdf,Yes,Yes
RFP-NIH-NIAID-DAIDS-06-05,,RFP06-05.doc,No,Yes
RFP-NIH-NIAID-DAIDS-06-06 ,,RFP06-06.doc,Yes,Yes
RFP-NIH-NIAID-DAIDS-06-07,,RFP06-07.pdf,No,Yes
RFP-NIH-NIAID-DMID-07-05,,RFP07-05FinalAfterPersolReview-06-20-06.pdf,No,Yes
NIH-NIAID-DMID-07-19,HHSN272200700058C,RFP07-19.pdf,Yes,Yes
RFP-NIH-NIAID-DAIDS-07-22,,RFP0722.doc,No,Yes
NIH-NIAID-DAIT-07-33,,RFP0733FinalRFP(2).doc,Yes,Yes
NIAID-DIR-07-43,HHSN272200700014C,RFP07-43.doc,No,Yes
NIH-NIAID-DAIDS-07-45,,RFP0745FINAL.pdf,Yes,Yes
RFP-NIH-NIAID-DMID-08-06,,RFP08-06withSectionMandAttachments.pdf,Yes,Yes
RFP-NIH-NIAID-DAIDS-08-14,,RFP08-14Final.pdf,Yes,Yes
RFP-NIH-NIAID-DMID-08-18,HHSN272200800048C,RFP-08-18FINAL1.pdf,Yes,Yes
S06-261,,RFP26XS261.doc,Yes,No
RFP-N02CM17001-02,,RFP2SOW4-25-2011Final.pdf,No,Yes
WESTAT-8339-1220-02,,RFP-CSC-Support-Services_V3_101215.docx,Yes,Yes
RFP-NIH-NIAID-DAIDS-04-04,,RFPDAIDS-04-04.doc,No,Yes
NIH-NIAID-DMID-06-09,,RFPDMID06-09(2).pdf,Yes,Yes
RFP-NIH-NIAID-DMID-06-09,HHSN266200600011C,RFPDMID06-09.pdf,Yes,Yes
HHS-NIH-NIAID(AO)-2012067 ,,RFPFull.pdf,No,Yes
NIAID-OD-07-59,HHSN272200700045C,RFPinword.doc,No,Yes
RFP-NIAID-DAIT-NIHAI2010094,HHSN272201200001C,RFP-NIAD-DAIT-NIHAI2010094.pdf,No,Yes
NIAIDAO2007003(R),HHSN272200800018C,RFPNIAIDAO2007003Rv2.pdf,Yes,Yes
NIH-NIAID-DAIDS-NIHAI2009067,HHSN272201000045C,RFPNIAIDDAIDSNIHAI2009067.pdf,No,Yes
RFP-NIAID-DAIDS-NIHAI2009073,HHSN272201100022C,RFP-NIAID-DAIDS-NIHAI2009073.pdf,No,Yes
RFP-NIAID-DAIDS-NIHAI2011-129,,RFP-NIAID-DAIDS-NIHAI2011129_with_Attachments_final.pdf,No,Yes
NIAID-DAIDS-NIHAI2013184,,RFP-NIAID-DAIDS-NIHAI2013184.pdf,Yes,No
RFP-NIH-NIAID-DAIT-04-08,HHSN266200400033C,RFP-NIAID-DAIT-04-08.pdf,Yes,Yes
RFP-NIAID-DAIT-NIHAI2008034,HHSN27200900037C,RFP-NIAID-DAIT-NIHAI2008034.pdf,No,Yes
RFP-NIAID-DAIT-NIHAI2009076,HHSN272201000051C,RFP-NIAID-DAIT-NIHAI2009076.pdf,No,Yes
RFP-NIAID-DAIT-NIHAI2010031,HHSN272201200002C,RFP-NIAID-DAIT-NIHAI2010031.pdf,No,Yes
RFP-NIAID-DAIT-NIHAI2010032,,RFP-NIAID-DAIT-NIHAI2010032.pdf,No,Yes
RFP-NIAID-DAIT-NIHAI2016062 ,,RFP-NIAID-DAIT-NIHAI2016062.pdf,No,Yes
NIAID-DAIT-NIHAI2017096,,RFP-NIAID-DAIT-NIHAI2017096.pdf,Yes,Yes
RFP-NIAID-DMID-AI2013171,,RFP-NIAID-DMID-AI2013171.pdf,No,Yes
RFP-NIAID-DMID-NIHAI2016059,HHSN272201700042I,RFP-NIAID-DMID-NIH2016059_-_Solicitation_-_Final.pdf,No,Yes
NIAID-DMID-NIHAI2010100,,RFP-NIAID-DMID-NIHAI2010100.pdf,No,Yes
RFP-NIAID-DMID-NIHAI2013178,HHSN272201500007I,RFP-NIAID-DMID-NIHAI2013178.pdf,No,Yes
RFP-NIAID-DMID-NIHAI2016061,HHSN272201700060C,RFP-NIAID-DMID-NIHAI2016061.pdf,Yes,Yes
NIAID-DMID-NIHAI2016065,,RFP-NIAID-DMID-NIHAI2016065.pdf,Yes,Yes
NIAID-DMID-NIHAI2016065,,RFP-NIAID-DMID-NIHAI201606574.pdf,No,Yes
RFP-NIAID-LMIV-NIHAO2015023 ,,RFP-NIAID-LMIV-NIHAO2015023.pdf,Yes,Yes
NIHAO2008006,HHSN272200800017C,RFPNIHAO2008006.pdf,Yes,Yes
,,RFP-NIHAO2008010DataManagementSupport(Revised).pdf,Yes,Yes
NIHAO2009014,HHSN272201000001I,RFPNIHAO2009014andAttachments.pdf,No,Yes
NIHAO2011062,HHSN272201200020C,RFPNIHAO2011062.pdf,No,Yes
RFP-NIH-NIAID-DAIDS-06-15,,RFP-NIH-NIAID-DAIDS-06-15.pdf,No,Yes
RFP-NIH-NIAID-DAIDS-08-09,,RFPNIHNIAIDDAIDS0809.pdf,Yes,Yes
NIH-NIAID-DAIDS-08-19,HHSN272200800011C,RFPNIHNIAIDDAIDS0819.pdf,No,Yes
RFP-NIH-NIAID-DMID-02-24,,RFP-NIH-NIAID-DMID-02-24.pdf,No,Yes
NIAID-DMID-03-09,,RFP-NIH-NIAID-DMID-03-09.pdf,No,Yes
RFP-NIH-NIAID-DMID-03-33,,RFP-NIH-NIAID-DMID-03-33.doc,Yes,Yes
RFP-NIH-NIAID-DMID-05-12,,rfp-nih-niaid-dmid-05-12.pdf,No,Yes
RFP-NIH-NIAID-DMID-05-22,,RFPNIHNIAIDDMID05221.pdf,Yes,Yes
RFP-NIH-NIAID-DMID-06-10,NO1-AI-15447,RFP-NIH-NIAID-DMID-06-10.pdf,No,Yes
RFP-NIH-NIAID-DMID-07-06,,RFP-NIH-NIAID-DMID-07-06.pdf,No,Yes
RFP-NIH-NIAID-DMID-07-18,,RFPNIHNIAIDDMID0718.pdf,Yes,Yes
NIH-NIAID-DMID-AI2008038,HHSN272200900040C,RFP-NIH-NIAID-DMID-AI2008038.pdf,Yes,Yes
RFP-NIAID-DAIT-NIHAI2011038,HHSN272201200028C,RFP-with-Attachments.pdf,Yes,Yes
RFQ-RML-D-1786750,,RFQ_Brand_name_JOFOC.docx,No,No
RFQ10067,,RFQ10067_SOW.docx,No,Yes
RFQ130110,,RFQ130110_SF1449_and_Provisions_.pdf,Yes,No
RFQ130110,,RFQ130110_Statement_of_Work_and_Provisions_.pdf,Yes,Yes
RFQ130119,,RFQ130119_SF1449_and_Provisions_.pdf,Yes,No
RFQ-NIAID-DAIT-NIHAI2009075,,RFQ-NIAID-DAIT-NIHAI2009075.pdf,No,Yes
NIHLM2013778_RLS(1),,RingMaster_Maintenance_and_Support_SOW.pdf,Yes,Yes
RML-RFQ-5-14017,,RML-RFQ-5-14017_SOW.doc,No,Yes
NOI-RML-C-1830212,,Roche_JOFOC_1830366.pdf,No,No
NICHD-13-042,,S.O.W_13-042.docx,Yes,Yes
S06-241,,S06-241;caARRAY.doc,Yes,Yes
N02CO9704065,,SBSSSOW_Revised_6-5-09.pdf,Yes,Yes
N02CO9704065,,SBSSSOW6-3-09.pdf,Yes,Yes
NIHA02017074,,SCA_Wage_Determination.pdf,No,No
SOW-NIAID-NOI-13A1618577.docx,,Scan001.pdf,Yes,Yes
160595,,SCC_Maintenance_Renewal_SOW_PRTS_160595__8-4-09_R2_jy.doc,Yes,Yes
P182439,,SCC_Maintenance_Renewal_SOW_PRTS_170069_1-19-10_jy.doc,Yes,Yes
S11-185,,Security_Assessment_II_ciosp2_SOW_Rev_3_Draft_1.doc,Yes,Yes
RFQ-RML-C-1801765,,Site_Visit_Attendees.pdf,No,No
RFQ-RML-C-1805376,,Site_Visit_Attendees2.pdf,No,No
RFQ-RML-C-1802996,,Site_Visit_Attendees4.pdf,No,No
BAA-NIAID-DAIT-NIHAI2015042,HHSN272201700013C,Small_Businss_Subcontract_Plan_revised_110415.doc,No,No
NIHLM2012212,,SNOMED_SOW_2011-final.doc,Yes,Yes
RFQ-RML-C-1827830,,Software-Application-GPAT.doc,Yes,No
,,Sole_Source_JOFOC.docx,No,No
NOI-RML-D-15025,,Sole_Source_JOFOC_NOI-RML-D-15025.pdf,No,No
NIAID-NOI-15-1724111,,Solicitation__NIAID-NOI-15-1724111;_Statement_of_Work_(SOW).docx,No,Yes
NIAID-NOI-15-1729138 ,,Solicitation__NIAID-NOI-15-1729138_(SOW).doc,No,Yes
NIHAO2017066,,Solicitation_1821920(91).pdf,No,No
BAA-NIAID-DAIT-NIHAI2015042,HHSN272201700013C,Solicitation_BAA-NIAID-DAIT-NIHAI2015042.pdf,No,No
RFP_NIAID_DMID_NIHAI2015036,,Solicitation_Final_5_26_15.pdf,No,No
NIHAO201700078,,Solicitation_NIHAO201700078_Larvae_And_Adult_Worms.pdf,No,Yes
NIHCL2012119,HHSN269201200013I,Solicitation_NIHCL2012119_Attachments_1-11.pdf,No,Yes
NIHCL2012119,HHSN269201200013I,Solicitation_NIHCL2012119_RFP_SF1449.pdf,No,No
NIHOF2009126,,Solicitation_NIHOF2009126.pdf,Yes,Yes
S09-203,,Solicitation_S09-203_(YT_09-243)_FINAL_9_4_09.doc,Yes,Yes
BAA-NIAID-DAIDS-NIHAI2014014 ,,Solicitation_SVD_BAA_No_NAID-DAIDS-NIHAI2014014-Attachments_1-22.pdf,Yes,No
RFP-NIH-NIAID-DMID-AI-2013169,HHSN272201400029C,SolicitationBRC053113.pdf,Yes,Yes
,,SOO.docx,Yes,Yes
NIHAI2012152,,Source_Reload_SOW_NIHAI2012152.pdf,No,Yes
SBSS-HHS-NIH-NIAID-AI-2017087,,Sources_Sought.pdf,No,No
NIHAO2016048 ,,"Sources_Sought_-_Administrative,_Logistical_and_Facility_Support_of_NVITAL_and_VPPL.pdf",Yes,No
DHHS-NIH-NIAID(AO)-SS-17-062,,Sources_Sought_-Final.docx,No,No
SBSS-HHS-NIH-NIAID-AI-2017090,,SOURCES_SOUGHT_NOTICE(5).pdf,No,No
DHHS-NIH-NIAID(AO)-SBSS-2017-068,,Sources_Sought-Draft.pdf,Yes,No
NIH-NIAID-DMID-08-03,HHSN272200800007C,SourcesSoughtSOW.pdf,Yes,Yes
RFP-N02-CP-31003-75,HHSN261200422007C,sow().pdf,Yes,Yes
NIAIDRFQ1122,,SOW(11).docx,No,Yes
RFQ-RML6-14029,,SOW(55).pdf,No,Yes
N02-CM-47012-54,HHSN261200422007C,sow(8).pdf,Yes,No
NIAID-1606123,,SOW(909).pdf,No,Yes
NIAID-1606869,,SOW(9999).pdf,No,Yes
NIAID-NOI-16B1795124,,SOW.doc,No,Yes
NIAIDNOI12030,,SOW.NIAIDNOI12030.docx,No,Yes
NOI12098,,SOW.NOI12098.pdf,Yes,Yes
NIAID-NOI-1720561,,SOW_-_2-10_(2015).docx,Yes,Yes
NIAID10188,,SOW_-_Ambis_1528070.docx,No,Yes
NIAID-RFQ1144,,SOW_-_Ambis_1562998.docx,No,Yes
NIAID-RFQ13021,,SOW_-_AMBIS_1624846.pdf,No,Yes
NOI-A-13-1632391,,SOW_-_Ambis_1632391.pdf,No,Yes
NIAID-RFQ-14A1682497,,SOW_-_AMBIS_1682497.docx,No,Yes
NIAID-RFQ14A1688274,,SOW_-_AMBIS_1688274.docx,No,Yes
NIAID-NOI14A1689394,,SOW_-_AMBIS_1689394.pdf,No,Yes
NIAID-NOI14A1693664,,SOW_-_AMBIS_1693664.doc,No,Yes
NIAID-NOI14A1693868,,SOW_-_AMBIS_1693868.docx,No,Yes
NIAID-NOI-15A1752944,,SOW_-_AMBIS_1752944.docx,No,Yes
RFQNIAID10081,,SOW_-_Animal-Laboratory_Support_Specialist.docx,No,Yes
,,SOW_-_Beyond_Army_STARRS_-_Revision__1.docx,Yes,Yes
NIHAO2016051,,SOW_-_Clinical_Monitoring.pdf,No,Yes
NIHAO2016050,,SOW_-_General_Clinical_Research_Support_Services.pdf,No,Yes
RFQNIAID10053,,SOW_-_Guinea_Pigs.docx,No,Yes
NIHCL2010079,,SOW_-_IDMS_Maint.pdf,Yes,Yes
NIHCL2011103,,SOW_-_IDMS_Maintattachment_no_1_doc.pdf,Yes,Yes
NIAID-RFQ1149,,SOW_-_Karen_Armstrong_NIAID-RFQ1149.docx,No,Yes
RFQ10080,,SOW_-_Lot_Production.docx,No,Yes
NIAIDNOI14B186898,,SOW_-_LTQ_ORBITRAP_AND_ETD_UPGRADE.docx,No,Yes
RFQNIAID10183,,"SOW_-_Macaca,_African_Green,_Squirrel_Monkey,_Marmoset.docx",No,Yes
NIAIDNOI13B1724064,,SOW_-_MAINTENANCE_FOR_GENOME_ANALYZER_AND_cBOT.doc,No,Yes
,,SOW_-_TheConferenceBoard_2016.docx,No,Yes
,,SOW_-_Toxicity_Pathway_and_Toxicity_Assay_Pathways_Databases_to_Assess_Small_Molecules.docx,Yes,Yes
RFQ12114,,SOW_092012.pdf,Yes,Yes
NIAIDNOI12031 ,,SOW_12031.docx,No,Yes
NIAID-NOI-13B1619588,,SOW_13B1619588.doc,No,Yes
NIAIDNOI12062,,SOW_1586662.doc,No,Yes
NOIA1628604,,SOW_1628604.docx,No,Yes
RFQA141698286,,SOW_1698286.pdf,No,Yes
NIAIDNOIA141713093,,SOW_1713093.pdf,Yes,Yes
NIAID-RFQ-17-1816540,,SOW_1816540(150).docx,No,Yes
NIAID-RFQ-17-1816540,,SOW_1816540.docx,No,Yes
NIAID-RFQ12072,,SOW_22nd_Century_Technologies.docx,Yes,Yes
RFQ-RML-D-1845118,,SOW_Agilent_Annual_Service_Agreement.pdf,No,Yes
RML-RFQ-11001,,SOW_and_Equipment_list.pdf,No,Yes
RFI-102,,SOW_August_July2013.docx,No,Yes
NIAIDNOI14B1678932,,SOW_BECKMAN_COULTER_2014.doc,No,Yes
SS-RML-D-CMB,,SOW_Cage_Wash_Mar17.doc,No,Yes
RFQ-RML-D-1840224,,SOW_Cage_Wash_Mar27.doc,No,Yes
RML-RFQ-5-13026,,SOW_CheckPoint_21400_OM.docx,Yes,Yes
NIHCL2011082,,SOW_CRIS_Pharmacy_Consultant_PRTS_169339_11-15-10_jon-SMH.doc,Yes,Yes
NIAID-NOI-11088,,SOW_CyTOF.doc,No,Yes
NLM-11-160-RS,,SOW_Dem1_506_Conf_Room_AV.pdf,Yes,Yes
NLM-11-109-RLS,,SOW_Dem1_Conf_Room_AV.pdf,Yes,Yes
PSC32764,,SOW_EH_PSC32764.doc,No,Yes
PSC33246,,SOW_EH_PSC33246.doc,No,Yes
PSC33288,,SOW_EH_PSC33288.doc,No,Yes
RFQ-RML-C-1746253,,SOW_EMS_support_Mar2016.docx,Yes,Yes
NIHA02017074,,SOW_EXIBITS.pdf,No,No
NOI-RML-5-10437,HHSN272201401218P,SOW_FalconII_NOIRML514037.docx,Yes,Yes
NOI-RML-5-15001,,SOW_FernwoodFiberLease_NOIRML515001_FINAL.pdf,Yes,Yes
 NOI-RML-5-15002,HHSN272201600257U,SOW_FishersLaneFiberLease_NOIRML515002_FINAL.pdf,Yes,Yes
RFQ-RML-D-1786569 ,,Sow_For_1786569.docx,No,Yes
NIHA02112015 ,,SOW_FOR_IDIQ.doc,No,Yes
NIAIDNOI13006,,SoW_for_NIAID_Telework_Workshops_11-8-12.docx,No,Yes
NIAIDNOI11129,,SOW_for_NIAIDNOI11129.doc,No,Yes
NIAIDNOI11129,,SOW_for_NOI11129.doc,No,Yes
NIAIDNOI11137,,SOW_for_NOI11137.pdf,Yes,Yes
NIAID-RFQ1158,,SOW_for_RFQ_1158.doc,No,Yes
NIAID-NOI-14C-1682307,,SOW_for_Solicitation__NIAID-NOI-14C-1682307.docx,No,Yes
NIAID(AO)-SS-15-001,,SOW_for_Sources_Sought_v15_6_February_2015.pdf,No,Yes
NIAIDNOI12010,,SOW_GETINGE_1576753.pdf,No,Yes
NIAID-NOI-10191,,SOW_International_Tuberculosis_Research_Ctr.doc,No,Yes
NIAID-NOI-12130,,SOW_International_Tuberculosis_Research_Ctr_2012.doc,No,Yes
RML-RFQ-5-13001,,SOW_Libraryplanner_010713.docx,No,Yes
NIHLM2015369 ,,SOW_National_Library_of_Medicine_Discovery_and_Delivery_Platform.pdf,Yes,Yes
NIAIDRFQ12027,,SOW_NIAID_Maintenance_of_HC_Doors_Rockledge_Rev_RFQ12027.docx,No,Yes
NAIDNOI12012,,SOW_NIAIDNOI12012.docx,Yes,Yes
NIAIDNOI12014,,SOW_NIAIDNOI12014.pdf,Yes,Yes
NIAID-RFQ1135,,SOW_NIAID-RFQ1135Ambis_1537276.pdf,Yes,Yes
NIAID-RFQ12004,,SOW_NIAIDRFQ12004.pdf,No,Yes
NIAID-RFQ12017,,SOW_NIAIDRFQ12017.pdf,No,Yes
NIAIDNOI12044,,SOW_NOI_12044.docx,No,Yes
NOI12160,,SOW_NOI_12160.pdf,No,Yes
NIAID_NOI11087,,SOW_NOI11087Ambis_1550278.pdf,Yes,Yes
NIAIDNOI11130,,SOW_NOI11130.pdf,Yes,Yes
NIAIDNOI12064,,SOW_NOI12064.docx,No,Yes
NIAIDNOI12078,,SOW_NOI12078.docx,No,Yes
NOI-RML-D-15025,,SOW_NOI-RML-D-15025.pdf,No,No
NIAID-NOI-17-1816672,,SOW_Off-Site_Freezer_Repository.pdf,No,Yes
HHS-NIH-NIAID-RML-PSC-13-001,,SOW_PSC_FishersLaneAV_080813.docx,Yes,Yes
,,SOW_Redacted.pdf,Yes,Yes
RFQ10045,,SOW-_RFQ10045.pdf,No,Yes
NIAID-RFQ1162,,SOW_RFQ1162.doc,No,Yes
NIAIDRFQ12084,,SOW_RFQ12084.docx,No,Yes
12-004232,,SOW-_Security_Provision.docx,No,Yes
NOI-RML-C-15028,,SOW_ServiceContract_AirPollutionSystem_NOIRMLC15028.docx,No,Yes
RFQ-RML-C-1854717,,SOW_Source_Reloads-081517-RFQRMLC1854717.pdf,No,Yes
NIAID-NOI-13B1620845,,SOW_Thermo_Electron.doc,No,Yes
12-006652,,SOW_Tracemaster_C_03_Upgrade_SOW_2012.docx,No,Yes
,,SOW-_Website_maintencance_on_AWS.docx,Yes,Yes
NOI-RML-C-15029,,SOW_Zayo_WaveCircuit_RML_Bethesda_NOIRMLC15029.docx,Yes,Yes
NOI-RML-C-15021,,SOW_ZayoLeaseFY15_NOIRMLC15021.docx,Yes,Yes
NIAID-NOI-1731431,,sow003.pdf,Yes,Yes
RFQ12042,,SOW05032012BLDG4.pdf,Yes,Yes
NOI-RML6-13001,,SOW11072012_0000.pdf,Yes,Yes
NIAID-NOI-1717680,,SOW-1-30-15.docx,Yes,Yes
NIAIDNOI11084,,SOW1550386.doc,Yes,Yes
NIAIDNOI111091,,SOW1552338.doc,No,Yes
NOIA131629125 ,,SOW1629125.pdf,No,Yes
NIAID-NOI-16B1780870 ,,SOW2.doc,No,Yes
NIAID-RFQ12061,,SOW2012August1_2013March30(v3).docx,No,Yes
RFQ-RML-C-1786478,,SOW-2F100_Resource-RFQRMLC1786478.docx,Yes,Yes
NOI-RML-D-1794780,,sow3.pdf,Yes,Yes
NIAID-NOI-15B1713946,,SOW5.doc,No,Yes
NIAID-NOI-15-1713938,,Sow7.pdf,No,Yes
NIAID-NOI-15B1720907,,SOW9.docx,No,Yes
RFQ-RML-C-1805376,,SOW-Bldg_33_1N09_Upgrade-RFQRMLC1805376.docx,Yes,Yes
RFQ-RML-C-1801765,,SOW-Bldg_33_AV_Upgrade-RFQRMLC1801765.docx,Yes,Yes
RFQ-RML-C-1804442,,SOW-Bldg_40_Rm_1207_AV_upgrade-RFQRMLC180442.docx,Yes,Yes
NIAID-NOI-1732129,,SOW-IRF2015.docx,Yes,Yes
RFQ-RML-C-1817053,,SOW-liquidcompressedgases-RFQRMLC1817053-revised022217.pdf,No,Yes
NIAID-NOI-15B-1713455,,SOW-Maintenance-Service.doc,Yes,Yes
NIAIDRFQ12036,,SOW-NIAID_RFQ12036.doc,No,Yes
NIAID-NOI-13A1618577,,SOW-NIAID-NOI-13A1618577.docx,No,Yes
NIAIDNOI12088,,SOWNOI12088.docx,No,Yes
NOI13010,,SOWNOI13010.pdf,No,Yes
NIAID-NOI-16B1826774,,SOW-P1.docx,Yes,Yes
RFQ-RML-D-1780392 ,,SOW-P2.docx,No,Yes
RFQ-RML-C-1791792 ,,SOW-Wolff_Conference-RFQRMLC1791792-062416.docx,Yes,Yes
NIHOA2017023,,Statement_of_Work(9).pdf,Yes,Yes
NIH-OLAO-OA5-2420882,,STATEMENT_OF_WORK.doc,No,Yes
NIAID-NOI-16-1759797,,Statement_of_Work_(SOW).pdf,No,Yes
NIAID-NOI-15B-1720884,,Statement_of_Work_-_1720884.docx,No,Yes
NIHAI2016070 ,,Statement_of_Work_-_Assessment_and_Development_of_Administratvie_Infrastructure_for_Foreign_Contracts.pdf,Yes,Yes
NICHD-11-056,,Statement_of_Work_-_NICHD-11-056.pdf,Yes,Yes
NICHD-12-042,,Statement_of_Work_-_PRB-12-042.pdf,No,Yes
NICHD-13-042,,Statement_of_Work_-_PRB-13-042.pdf,Yes,No
,,Statement_of_Work_-_PRB-14-047.pdf,Yes,Yes
NIAID-RFQ-12098,,Statement_of_Work_A_OtsA.doc,No,Yes
NIAID-RFQ-12098,,Statement_of_Work_B_OtsB.doc,No,Yes
NIAID-NOI-12126,,Statement_of_Work_Chemokine_Receptor_5_(CCR5).doc,No,Yes
NOI-RML-E-1740610,,Statement_of_Work_CMB_edited.docx,No,Yes
NIHDK2009203,,Statement_of_Work_Description_specimen_database.doc,Yes,Yes
NIHDK2010237,,Statement_of_Work_for_NIHDK2010237.pdf,No,Yes
NIAID-NOI-11116,,Statement_of_Work_Genome_Analyzer.doc,No,Yes
NIAID-NOI-11117,,Statement_of_Work_HAI_and_MN_Assays.doc,No,Yes
NOI111031,,Statement_of_Work_NOI111031.docx,No,Yes
RFQ-RML-E-1837275,,STATEMENT_OF_WORK_OM.docx,No,Yes
RFQ10076,,STATEMENT_OF_WORK_RFQ10076.doc,No,Yes
NIAID-RFQ-1133,,STATEMENT_OF_WORK_RFQ1133.doc,No,Yes
NIAID-NOI-13C-1629594,,Statement_of_Work_SLAM-TB_Study_Support.doc,No,Yes
RFQ-RML-D-1769743-,,Statement_of_Work_tm_022316.pdf,Yes,Yes
RFQ-RML-D-1819797,,Statement_of_Work1.docx,Yes,Yes
NOI-RML-E-1778122,,Statement_of_Work2.docx,No,Yes
,,Statement_of_Work3.pdf,Yes,Yes
NIAID-VRC-06-36,HHSN272200700003I,StatementofWork-A3.doc,No,Yes
BAA-NIAID-NIHAI2016064,,Subcontract_Plan.doc,No,No
,,Subject7_Proof_SOW_2016_Final.pdf,Yes,Yes
NOI-RML6-14031,,Taconic_SOW's_1697690.doc,No,Yes
NIAID-DAIDS-NIHAI2015048 ,,TBQA_-_NIHAI2015048_with_Attachments_(FINAL_VERSION).pdf,Yes,Yes
NLM-RFQ-09-070-MJK,,Tech_Sup_for_ASB_-_FY_09_-_Limited_Source_Just_(02-25-09).doc,Yes,No
NLM-RFQ-09-070-MJK,,Tech_Sup_for_ASB_-_FY_09_-_SOW_(02-05-09).doc,Yes,Yes
NIAID-RFQ13001,,Tenae_SOW.pdf,No,Yes
RFQ-RML-E-1859799,,Terms_&_Conditions.docx,No,No
NIAID(AO)-SS-15-001,,Thailand_Sample_Task_Order_for_Sources_Sought.pdf,Yes,Yes
Timecard050610,,TimeCard_Hosted_Solution_RFI_050610.doc,Yes,No
NOI-RML-D-1841032,,Tiny_Print_-4.docx,No,No
NOI-RML-D-1841032,,Tiny_Print_52.212-5_(Jan_2017)_with_352.222-70_(Dec_2015).docx,No,No
RFQ-RML-C-1802996,,Touch_Panel_UI_Training_Document.docx,No,Yes
NIAID-RFQ-13004,,TTStatement_of_Work_-_AMBIS_1606869.docx,No,Yes
NOI-RML6-14030,,Tufts_University_SOW.doc,No,Yes
RFQ-RML-E-1785660A ,,Updated_SOW.docx,No,Yes
RFQ1683089,,Usability_Testing_Statement_of_Work.pdf,Yes,Yes
RFQ-RML-C-1805376,,Video-Teleconferencing-GPAT2.doc,Yes,No
RFQ-RML-C-1804442,,Video-Teleconferencing-GPAT3.doc,Yes,No
RFQ-RML-C-1786478,,Video-Teleconferencing-GPAT5.doc,Yes,No
NIAID-COM-16-1808132,,VLP_production_SOW.docx,No,Yes
NIHA02017074,,wage.pdf,No,No
NIHAO2016056,,Wage_Determination.pdf,No,No
NIAID-RFQ17-20161019 ,,Wage_Determination_2015-2103.pdf,No,No
NIHLM2013729,,WEB_AND_RESPONSIVE_INTERACTIVE_DESIGN_FOR_ONLINE_COMMUNICATION_SUPPORT_SOW.pdf,Yes,Yes
06-134SB,,WikiRFI.doc,No,No
,,WoS_SOW_8.13.2015.pdf,Yes,Yes
,,WoS_SOW_EJB.pdf,Yes,Yes
